               epoch,      train/box_loss,      train/obj_loss,      train/cls_loss,   metrics/precision,      metrics/recall,     metrics/mAP_0.5,metrics/mAP_0.5:0.95,        val/box_loss,        val/obj_loss,        val/cls_loss,               x/lr0,               x/lr1,               x/lr2
                   0,             0.11696,           0.0051693,             0.11121,           0.0013276,             0.18375,          0.00095426,          0.00018606,             0.10897,           0.0044125,             0.10884,               9e-05,               9e-05,             0.09919
                   1,             0.11275,           0.0059318,             0.10926,           0.0017872,             0.24735,           0.0021326,          0.00051897,             0.10312,           0.0046772,             0.10735,             0.00019,             0.00019,             0.09829
                   2,             0.10462,            0.006474,             0.10702,           0.0020717,             0.30035,           0.0013694,           0.0004229,            0.096672,           0.0049623,             0.10578,          0.00028997,          0.00028997,             0.09739
                   3,            0.097879,           0.0065454,             0.10511,           0.0020935,             0.28975,           0.0012989,          0.00039288,            0.091455,           0.0052128,             0.10429,          0.00038991,          0.00038991,             0.09649
                   4,            0.093923,            0.006706,             0.10319,           0.0021205,             0.29329,            0.001276,          0.00038784,            0.087219,           0.0053997,             0.10272,          0.00048981,          0.00048981,             0.09559
                   5,            0.092963,            0.006829,             0.10146,           0.0020935,             0.28975,           0.0013578,          0.00043604,            0.085107,           0.0055041,             0.10125,          0.00058964,          0.00058964,             0.09469
                   6,            0.090911,           0.0073773,            0.099579,            0.002062,            0.067138,           0.0013894,          0.00044315,            0.083656,            0.005517,            0.099443,          0.00068939,          0.00068939,            0.093789
                   7,            0.092384,           0.0076624,            0.098239,            0.006565,            0.010601,           0.0019597,          0.00062941,            0.083056,           0.0055748,            0.097857,          0.00078905,          0.00078905,            0.092889
                   8,            0.089552,           0.0073589,            0.096691,           0.0026104,             0.25088,           0.0015173,          0.00051491,             0.08151,           0.0056654,            0.096431,           0.0008886,           0.0008886,            0.091989
                   9,            0.089299,           0.0076114,            0.095005,           0.0022698,             0.27562,           0.0015156,          0.00046259,            0.080532,            0.005682,             0.09484,          0.00098802,          0.00098802,            0.091088
                  10,            0.088035,           0.0072241,            0.093479,             0.00257,             0.19788,           0.0015141,           0.0004399,            0.079691,           0.0057571,            0.093293,           0.0010873,           0.0010873,            0.090187
                  11,            0.085621,           0.0075432,            0.091772,           0.0030342,             0.29682,           0.0018665,          0.00054687,            0.078222,           0.0057986,            0.091631,           0.0011865,           0.0011865,            0.089286
                  12,            0.083496,           0.0076853,            0.089622,           0.0038543,             0.20495,           0.0019372,          0.00056936,            0.076176,             0.00588,            0.089698,           0.0012854,           0.0012854,            0.088385
                  13,            0.083391,           0.0078131,            0.087616,           0.0042007,            0.088339,           0.0018239,          0.00056928,            0.074918,           0.0060311,            0.087919,           0.0013842,           0.0013842,            0.087484
                  14,            0.082559,           0.0080452,            0.085542,           0.0063337,             0.17314,           0.0024531,          0.00069714,            0.073975,            0.006013,            0.086065,           0.0014828,           0.0014828,            0.086583
                  15,             0.07965,           0.0088137,            0.082839,              0.0113,             0.18728,           0.0038206,          0.00091003,            0.071618,           0.0060593,            0.082376,           0.0015812,           0.0015812,            0.085681
                  16,            0.078282,           0.0084592,            0.080864,            0.025559,             0.19081,           0.0097421,           0.0019268,            0.068756,           0.0060844,            0.079972,           0.0016793,           0.0016793,            0.084779
                  17,            0.074656,           0.0083474,            0.079334,            0.093746,             0.29329,             0.04658,           0.0085868,            0.065547,           0.0060451,             0.07784,           0.0017773,           0.0017773,            0.083877
                  18,            0.070546,           0.0082049,            0.077847,            0.082272,             0.31449,            0.046732,           0.0098912,            0.062948,           0.0060734,            0.077031,           0.0018749,           0.0018749,            0.082975
                  19,            0.070122,           0.0089702,            0.076996,            0.055774,             0.38163,            0.031603,           0.0075177,            0.061327,           0.0061278,             0.07665,           0.0019723,           0.0019723,            0.082072
                  20,              0.0681,           0.0084155,            0.076283,            0.046976,             0.34629,            0.029651,           0.0066681,            0.058246,           0.0062114,             0.07579,           0.0020694,           0.0020694,            0.081169
                  21,            0.063442,           0.0084088,            0.075881,            0.084082,              0.4311,            0.064768,            0.015605,            0.056948,           0.0058854,            0.075779,           0.0021663,           0.0021663,            0.080266
                  22,            0.063209,           0.0088816,            0.075491,            0.096916,              0.5371,            0.078991,             0.01553,            0.064878,           0.0054292,            0.075416,           0.0022628,           0.0022628,            0.079363
                  23,            0.063682,           0.0072775,            0.075492,              0.1107,             0.48605,            0.090222,            0.019772,             0.05883,           0.0054314,            0.075444,            0.002359,            0.002359,            0.078459
                  24,            0.065195,           0.0071835,            0.075136,             0.14093,             0.53004,             0.11766,            0.028965,            0.056859,           0.0056057,            0.074969,           0.0024548,           0.0024548,            0.077555
                  25,            0.062826,           0.0072405,            0.075327,              0.1055,             0.34982,            0.081469,            0.019412,            0.055172,           0.0058509,            0.074991,           0.0025503,           0.0025503,             0.07665
                  26,            0.058097,           0.0081529,            0.075155,             0.24077,              0.5477,             0.20433,            0.070741,            0.049508,           0.0058227,            0.075088,           0.0026454,           0.0026454,            0.075745
                  27,            0.062666,           0.0076233,            0.075171,             0.20959,             0.51943,             0.16293,            0.054145,            0.051824,           0.0058419,            0.074843,           0.0027401,           0.0027401,             0.07484
                  28,            0.053487,           0.0082592,            0.074939,             0.17455,             0.74912,             0.16232,             0.04864,            0.049663,           0.0057855,            0.074847,           0.0028345,           0.0028345,            0.073934
                  29,            0.055127,           0.0078049,            0.074998,             0.11065,             0.69611,             0.10094,            0.030644,            0.045826,           0.0060143,            0.074777,           0.0029284,           0.0029284,            0.073028
                  30,            0.052518,           0.0083427,            0.074838,             0.08659,             0.46996,             0.06946,            0.020148,            0.059663,           0.0053975,            0.074845,           0.0030219,           0.0030219,            0.072122
                  31,            0.056343,           0.0075726,            0.074916,             0.43119,             0.58657,             0.35582,             0.14095,            0.043629,           0.0059552,             0.07481,            0.003115,            0.003115,            0.071215
                  32,            0.054085,           0.0077579,            0.074884,             0.37281,             0.64311,             0.35859,             0.10795,            0.043197,           0.0059226,            0.074695,           0.0032076,           0.0032076,            0.070308
                  33,             0.05154,            0.007798,            0.074818,             0.40275,             0.66431,             0.35635,            0.099971,             0.04692,           0.0056938,             0.07475,           0.0032998,           0.0032998,              0.0694
                  34,            0.054717,           0.0089176,            0.074833,             0.39244,             0.64311,             0.34544,             0.13273,            0.042836,           0.0058423,            0.074744,           0.0033915,           0.0033915,            0.068492
                  35,            0.051592,           0.0071002,             0.07471,             0.33994,             0.58304,             0.33425,            0.081562,            0.048558,           0.0056826,             0.07478,           0.0034827,           0.0034827,            0.067583
                  36,            0.054086,           0.0085575,             0.07482,             0.50927,             0.63604,             0.51809,             0.24049,             0.04153,            0.005997,            0.074593,           0.0035734,           0.0035734,            0.066673
                  37,            0.046411,           0.0078404,            0.074679,             0.51542,              0.5689,             0.50258,             0.11356,            0.042331,           0.0058675,            0.074517,           0.0036636,           0.0036636,            0.065764
                  38,             0.04747,           0.0079999,            0.074585,             0.56395,             0.67845,             0.55592,             0.23664,            0.039905,           0.0058382,            0.074466,           0.0037532,           0.0037532,            0.064853
                  39,            0.046757,           0.0077471,            0.074605,             0.56908,             0.61598,             0.54874,             0.27311,            0.039285,           0.0058827,            0.074453,           0.0038423,           0.0038423,            0.063942
                  40,             0.04998,           0.0082144,             0.07453,             0.50471,             0.65018,             0.52556,             0.23678,            0.036955,           0.0059912,            0.074456,           0.0039309,           0.0039309,            0.063031
                  41,             0.04623,           0.0078265,            0.074527,              0.4626,             0.72085,             0.52123,              0.1961,            0.045455,           0.0057345,            0.074457,           0.0040189,           0.0040189,            0.062119
                  42,            0.046587,           0.0077063,            0.074591,             0.44834,             0.77032,             0.53881,             0.22134,            0.039584,           0.0058375,            0.074437,           0.0041063,           0.0041063,            0.061206
                  43,            0.048719,           0.0079582,             0.07449,             0.48758,             0.69258,             0.50991,              0.1945,            0.044158,           0.0056338,            0.074401,           0.0041931,           0.0041931,            0.060293
                  44,            0.046782,           0.0077936,            0.074515,             0.46498,             0.67845,             0.44446,             0.19518,            0.037982,           0.0058958,            0.074406,           0.0042793,           0.0042793,            0.059379
                  45,            0.042272,            0.007162,            0.074458,              0.4454,             0.70318,             0.44352,             0.22719,            0.036562,           0.0058906,             0.07444,           0.0043649,           0.0043649,            0.058465
                  46,             0.04587,           0.0074778,            0.074426,             0.51793,             0.77032,             0.51771,             0.22953,            0.038567,           0.0057732,            0.074348,           0.0044498,           0.0044498,             0.05755
                  47,            0.043884,           0.0077354,            0.074369,             0.48006,             0.73852,             0.54284,             0.25933,            0.035855,           0.0058371,            0.074365,           0.0045341,           0.0045341,            0.056634
                  48,             0.04563,           0.0075437,            0.074382,             0.51015,             0.69611,             0.50108,             0.20547,             0.03873,           0.0058046,            0.074345,           0.0046178,           0.0046178,            0.055718
                  49,            0.044606,           0.0078854,            0.074485,             0.48938,             0.71378,             0.56421,             0.31012,            0.036122,           0.0058508,            0.074333,           0.0047008,           0.0047008,            0.054801
                  50,            0.047539,           0.0074711,            0.074446,             0.44435,              0.5583,             0.50032,             0.23468,            0.040618,           0.0060866,            0.074577,           0.0047831,           0.0047831,            0.053883
                  51,            0.046155,           0.0084009,            0.074611,             0.55582,             0.61903,             0.57867,             0.29405,            0.041432,           0.0057471,            0.074382,           0.0048648,           0.0048648,            0.052965
                  52,            0.049656,           0.0070719,            0.074607,             0.46325,              0.5583,             0.48677,             0.11689,            0.050638,           0.0053805,            0.074337,           0.0049457,           0.0049457,            0.052046
                  53,            0.053896,           0.0076413,            0.074778,             0.41191,             0.57597,             0.45955,             0.23348,            0.038128,           0.0062964,            0.074623,           0.0050259,           0.0050259,            0.051126
                  54,            0.045316,           0.0087328,            0.074599,             0.49914,             0.73951,             0.57182,             0.23074,            0.042579,           0.0058628,            0.074303,           0.0051054,           0.0051054,            0.050205
                  55,            0.043946,           0.0088067,            0.074411,             0.51023,             0.67491,             0.59833,             0.29312,            0.035282,            0.006183,            0.074283,           0.0051842,           0.0051842,            0.049284
                  56,            0.043234,           0.0084006,             0.07437,             0.48653,             0.63604,             0.58583,             0.32233,            0.035507,           0.0062903,            0.074294,           0.0052622,           0.0052622,            0.048362
                  57,            0.049304,           0.0079597,            0.074445,             0.48911,             0.65018,             0.56216,             0.21315,            0.040215,           0.0061865,            0.074355,           0.0053395,           0.0053395,            0.047439
                  58,            0.045755,           0.0079508,             0.07448,             0.47158,             0.67845,             0.58798,             0.20275,            0.041849,           0.0060667,             0.07429,            0.005416,            0.005416,            0.046516
                  59,             0.04948,           0.0075556,            0.074616,             0.63712,             0.62898,             0.66905,              0.3764,            0.034211,           0.0064641,            0.074453,           0.0054917,           0.0054917,            0.045592
                  60,            0.039573,           0.0084166,            0.074493,             0.53264,             0.73852,             0.61848,             0.24364,            0.040591,           0.0060945,            0.074264,           0.0055666,           0.0055666,            0.044667
                  61,            0.041666,           0.0077045,            0.074331,             0.61581,             0.60777,             0.62975,             0.20691,            0.036268,           0.0062174,            0.074254,           0.0056407,           0.0056407,            0.043741
                  62,            0.043411,           0.0078693,            0.074307,              0.5127,             0.76215,             0.62163,             0.32838,            0.033731,           0.0064289,            0.074249,           0.0057141,           0.0057141,            0.042814
                  63,            0.042304,           0.0085381,            0.074405,             0.53367,             0.71378,             0.61761,             0.35471,            0.031628,           0.0063825,             0.07426,           0.0057866,           0.0057866,            0.041887
                  64,            0.041001,           0.0081704,            0.074363,              0.6239,             0.70929,             0.67779,             0.32435,            0.036494,            0.006047,            0.074239,           0.0058583,           0.0058583,            0.040958
                  65,             0.04358,           0.0079156,            0.074349,             0.59788,             0.59893,             0.61178,             0.28815,            0.037084,           0.0060744,            0.074219,           0.0059291,           0.0059291,            0.040029
                  66,            0.044322,            0.008186,            0.074352,             0.49509,             0.73498,             0.60622,              0.3364,            0.032707,           0.0062499,            0.074244,           0.0059991,           0.0059991,            0.039099
                  67,            0.039427,           0.0078173,            0.074259,             0.59049,             0.65724,             0.65128,             0.27203,            0.037155,           0.0059455,            0.074231,           0.0060683,           0.0060683,            0.038168
                  68,            0.046071,           0.0080363,             0.07432,             0.61298,             0.63803,             0.63344,             0.36856,            0.031631,           0.0062953,            0.074235,           0.0061366,           0.0061366,            0.037237
                  69,            0.040698,           0.0077165,            0.074316,             0.56049,             0.69397,             0.63678,             0.18642,            0.036967,            0.006014,             0.07425,            0.006204,            0.006204,            0.036304
                  70,            0.037817,           0.0085974,            0.074326,             0.56181,             0.69611,             0.64561,             0.37181,            0.033034,           0.0060966,            0.074195,           0.0062705,           0.0062705,            0.035371
                  71,            0.042241,           0.0083288,            0.074201,             0.49968,             0.77032,             0.61984,             0.33278,            0.033545,           0.0061898,            0.074193,           0.0063361,           0.0063361,            0.034436
                  72,            0.042555,           0.0074368,            0.074252,             0.58285,             0.68198,             0.63998,             0.26072,            0.037864,           0.0057261,            0.074121,           0.0064009,           0.0064009,            0.033501
                  73,            0.038777,           0.0075587,            0.074178,             0.65813,             0.65302,             0.71002,             0.42436,            0.030946,           0.0057996,            0.074141,           0.0064647,           0.0064647,            0.032565
                  74,            0.035627,            0.008019,             0.07417,             0.57761,             0.71516,             0.68925,             0.35847,            0.031238,           0.0055234,            0.074144,           0.0065276,           0.0065276,            0.031628
                  75,            0.037104,           0.0075143,            0.074184,             0.59359,              0.7277,             0.68844,             0.40846,             0.03098,           0.0055517,             0.07412,           0.0065896,           0.0065896,             0.03069
                  76,            0.036888,           0.0076267,            0.074144,             0.55812,             0.69178,             0.64373,             0.35632,            0.035112,           0.0053771,            0.074096,           0.0066507,           0.0066507,            0.029751
                  77,            0.039387,           0.0074562,            0.074172,             0.45107,             0.59364,             0.43151,              0.2622,            0.032059,           0.0054334,            0.074184,           0.0067108,           0.0067108,            0.028811
                  78,            0.039621,           0.0078034,            0.074145,             0.44276,             0.64857,             0.41358,             0.16131,            0.035336,           0.0053441,            0.074199,             0.00677,             0.00677,             0.02787
                  79,              0.0412,           0.0072105,             0.07423,             0.70992,             0.67452,             0.74386,             0.33609,            0.032932,           0.0054833,            0.074127,           0.0068282,           0.0068282,            0.026928
                  80,            0.037865,             0.00744,            0.074211,             0.61571,             0.74165,             0.71917,              0.3968,            0.030633,           0.0056471,            0.074107,           0.0068855,           0.0068855,            0.025985
                  81,            0.037819,           0.0073571,            0.074186,             0.53282,             0.78184,             0.62265,             0.19806,            0.037619,           0.0053739,            0.074122,           0.0069418,           0.0069418,            0.025042
                  82,            0.036436,           0.0074566,            0.074196,             0.54791,             0.86572,             0.70906,             0.41343,            0.030808,           0.0055184,             0.07417,           0.0069971,           0.0069971,            0.024097
                  83,            0.037608,           0.0073675,            0.074197,             0.67765,             0.75265,             0.76086,             0.38997,            0.035358,           0.0052809,            0.074214,           0.0070514,           0.0070514,            0.023151
                  84,            0.038073,            0.006575,            0.074176,             0.65603,             0.75265,             0.74016,             0.30617,            0.034482,           0.0052351,            0.074134,           0.0071048,           0.0071048,            0.022205
                  85,            0.037632,           0.0072443,            0.074282,             0.67852,             0.75618,             0.74321,             0.43023,            0.031078,           0.0053067,            0.074139,           0.0071571,           0.0071571,            0.021257
                  86,            0.038078,           0.0079192,            0.074195,             0.62375,             0.76325,             0.72648,             0.43235,            0.031848,           0.0051992,            0.074112,           0.0072085,           0.0072085,            0.020308
                  87,            0.045023,           0.0068892,            0.074345,             0.65857,             0.77017,             0.71719,             0.39152,            0.033638,           0.0053344,            0.074217,           0.0072589,           0.0072589,            0.019359
                  88,            0.039637,           0.0075238,            0.074355,             0.69082,             0.72792,             0.71718,             0.45243,             0.03046,           0.0053602,            0.074178,           0.0073082,           0.0073082,            0.018408
                  89,            0.039346,           0.0070279,            0.074294,             0.62988,             0.84099,             0.72377,             0.22485,            0.038358,           0.0052258,            0.074189,           0.0073565,           0.0073565,            0.017457
                  90,            0.036014,           0.0081928,             0.07423,             0.61782,             0.81625,             0.73108,             0.41791,            0.030622,           0.0052943,            0.074142,           0.0074038,           0.0074038,            0.016504
                  91,            0.041238,           0.0062192,            0.074256,             0.57944,             0.84452,             0.70822,             0.40399,            0.034869,           0.0052867,            0.074184,           0.0074501,           0.0074501,             0.01555
                  92,            0.037124,           0.0070419,            0.074258,             0.62354,             0.82332,             0.74639,             0.46106,            0.029295,           0.0052052,            0.074131,           0.0074954,           0.0074954,            0.014595
                  93,            0.037739,           0.0071297,            0.074139,             0.62819,             0.75265,             0.72677,             0.43691,            0.030894,           0.0050733,            0.074133,           0.0075396,           0.0075396,             0.01364
                  94,            0.033959,            0.006857,            0.074107,             0.66564,             0.74205,             0.71381,             0.32608,             0.03177,           0.0049355,            0.074102,           0.0075828,           0.0075828,            0.012683
                  95,             0.03811,           0.0070279,            0.074125,             0.60937,             0.82332,              0.7188,             0.40687,            0.029999,           0.0049935,            0.074109,           0.0076249,           0.0076249,            0.011725
                  96,            0.033727,            0.007663,             0.07417,             0.64114,             0.83964,             0.77492,             0.49157,            0.029356,           0.0049134,            0.074136,            0.007666,            0.007666,            0.010766
                  97,            0.038087,           0.0063485,            0.074145,             0.62144,              0.8585,             0.76977,              0.4464,             0.03149,           0.0048692,            0.074119,            0.007706,            0.007706,            0.009806
                  98,             0.03594,           0.0067126,            0.074172,             0.69643,             0.74912,             0.75858,             0.46515,            0.030032,           0.0049138,            0.074096,            0.007745,            0.007745,            0.008845
                  99,            0.037457,           0.0068379,            0.074175,             0.63898,             0.85684,             0.77889,             0.38438,            0.033031,           0.0048182,            0.074084,           0.0077829,           0.0077829,           0.0078829
                 100,            0.037758,            0.006947,            0.074173,              0.7181,             0.84099,             0.79756,             0.40931,            0.028831,           0.0048872,            0.074078,             0.00775,             0.00775,             0.00775
                 101,            0.038732,           0.0062331,            0.074141,             0.65122,             0.81272,             0.75224,             0.40135,            0.035214,           0.0047627,            0.074104,             0.00775,             0.00775,             0.00775
                 102,            0.038719,            0.006962,            0.074239,             0.63604,             0.88339,              0.7297,             0.44638,            0.029009,            0.004819,            0.074054,           0.0077091,           0.0077091,           0.0077091
                 103,            0.034428,           0.0068553,            0.074116,               0.611,             0.89046,             0.72559,             0.46322,            0.027457,           0.0047137,            0.074082,           0.0076679,           0.0076679,           0.0076679
                 104,            0.031714,            0.006239,            0.074134,              0.6857,             0.93281,             0.79788,             0.42549,            0.028554,           0.0045647,            0.074176,           0.0076265,           0.0076265,           0.0076265
                 105,             0.03494,           0.0061314,            0.074122,             0.69771,             0.87266,             0.82635,             0.49616,            0.033257,           0.0044835,            0.074143,           0.0075848,           0.0075848,           0.0075848
                 106,             0.03326,           0.0063451,             0.07415,             0.73524,             0.86572,             0.81718,             0.51948,            0.028339,            0.004522,            0.074123,            0.007543,            0.007543,            0.007543
                 107,            0.033087,             0.00644,            0.074045,             0.74554,             0.82332,             0.81679,             0.45449,            0.029065,            0.004455,            0.074075,           0.0075009,           0.0075009,           0.0075009
                 108,            0.032626,           0.0065447,            0.074071,             0.71513,             0.86219,             0.83358,             0.53139,            0.027493,           0.0043937,            0.074082,           0.0074585,           0.0074585,           0.0074585
                 109,            0.033778,           0.0057801,            0.074117,              0.7417,             0.85512,             0.82568,             0.48058,            0.029988,           0.0043295,            0.074064,            0.007416,            0.007416,            0.007416
                 110,            0.032897,           0.0060574,            0.074116,             0.74443,             0.84806,              0.8307,             0.53457,            0.026856,           0.0043627,            0.074068,           0.0073733,           0.0073733,           0.0073733
                 111,            0.033707,           0.0058913,            0.074084,             0.69802,             0.91873,             0.83606,             0.52324,            0.027924,           0.0042904,            0.074062,           0.0073303,           0.0073303,           0.0073303
                 112,            0.034891,           0.0053211,             0.07405,             0.69244,              0.9258,             0.82831,             0.46121,            0.032478,           0.0042219,             0.07407,           0.0072872,           0.0072872,           0.0072872
                 113,            0.040973,           0.0058173,            0.074179,              0.7334,             0.90459,             0.84775,             0.51137,            0.028444,           0.0043999,            0.074083,           0.0072438,           0.0072438,           0.0072438
                 114,            0.034146,           0.0068308,            0.074193,             0.69964,             0.82686,             0.78472,               0.431,            0.028561,           0.0043519,            0.074053,           0.0072003,           0.0072003,           0.0072003
                 115,            0.038145,           0.0057627,             0.07409,             0.67762,             0.92226,             0.78687,             0.48517,            0.026821,           0.0044232,            0.074067,           0.0071566,           0.0071566,           0.0071566
                 116,            0.030798,           0.0061567,            0.074164,             0.66639,             0.91873,             0.79837,             0.52195,            0.024544,           0.0044334,             0.07404,           0.0071127,           0.0071127,           0.0071127
                 117,            0.029893,           0.0060079,            0.074105,             0.65183,             0.93286,              0.7807,              0.4889,             0.02505,           0.0043202,            0.074048,           0.0070686,           0.0070686,           0.0070686
                 118,            0.031686,           0.0060635,            0.074157,             0.66099,             0.89753,             0.78336,             0.50658,            0.027166,           0.0043185,            0.074046,           0.0070243,           0.0070243,           0.0070243
                 119,            0.032832,           0.0057243,             0.07408,              0.7113,             0.87931,             0.81704,             0.51939,            0.028658,           0.0042709,            0.074031,           0.0069799,           0.0069799,           0.0069799
                 120,            0.030978,           0.0059206,             0.07407,             0.78183,             0.83746,             0.84906,             0.56273,            0.024518,            0.004303,            0.074026,           0.0069353,           0.0069353,           0.0069353
                 121,            0.031089,            0.005527,            0.074069,             0.69326,             0.95053,             0.84147,             0.49559,            0.029165,           0.0041716,            0.074007,           0.0068906,           0.0068906,           0.0068906
                 122,              0.0348,            0.005948,            0.074054,              0.7252,             0.90455,             0.83553,             0.52078,            0.026103,           0.0042063,            0.074014,           0.0068457,           0.0068457,           0.0068457
                 123,            0.034592,           0.0057363,            0.074082,             0.71056,             0.91086,             0.81925,             0.42023,            0.027233,           0.0041353,            0.074019,           0.0068006,           0.0068006,           0.0068006
                 124,            0.032206,           0.0062287,            0.074078,             0.71448,             0.89306,             0.79827,             0.48104,            0.025146,           0.0041118,            0.073998,           0.0067555,           0.0067555,           0.0067555
                 125,            0.033797,           0.0059149,            0.074074,             0.73491,             0.89399,             0.81819,             0.52765,            0.023367,            0.004121,             0.07401,           0.0067101,           0.0067101,           0.0067101
                 126,            0.027466,           0.0058338,            0.074057,              0.7761,             0.85866,               0.825,             0.53393,            0.023311,           0.0039813,            0.073987,           0.0066647,           0.0066647,           0.0066647
                 127,            0.030673,           0.0050062,            0.074031,             0.73202,             0.87986,             0.79339,             0.41455,            0.026802,           0.0038894,            0.074003,           0.0066191,           0.0066191,           0.0066191
                 128,            0.034404,           0.0055208,             0.07407,             0.79025,             0.89753,             0.86317,             0.56992,            0.024277,           0.0039849,            0.074025,           0.0065734,           0.0065734,           0.0065734
                 129,            0.027347,           0.0061643,            0.074037,             0.79482,             0.90343,             0.86487,              0.5969,            0.022519,           0.0038504,            0.073996,           0.0065276,           0.0065276,           0.0065276
                 130,            0.028364,           0.0050165,             0.07406,             0.74003,             0.91166,             0.85293,             0.57661,            0.022752,           0.0038718,            0.074028,           0.0064816,           0.0064816,           0.0064816
                 131,            0.027589,           0.0050159,            0.074032,             0.77937,             0.90106,             0.86959,             0.57337,            0.023065,           0.0037977,            0.074002,           0.0064356,           0.0064356,           0.0064356
                 132,            0.026621,           0.0054221,             0.07401,             0.81401,             0.87279,             0.87933,             0.62766,            0.022357,           0.0036841,            0.073992,           0.0063895,           0.0063895,           0.0063895
                 133,            0.028905,           0.0049594,            0.073975,             0.81798,             0.86219,             0.86947,             0.59605,            0.025149,           0.0036325,             0.07399,           0.0063432,           0.0063432,           0.0063432
                 134,            0.028119,           0.0055497,            0.073989,             0.79463,             0.91873,             0.86777,             0.58161,            0.022016,           0.0036502,            0.073982,           0.0062969,           0.0062969,           0.0062969
                 135,            0.028043,           0.0054419,            0.074035,             0.80481,             0.91787,             0.87809,             0.60181,             0.02265,           0.0036099,            0.073987,           0.0062505,           0.0062505,           0.0062505
                 136,            0.027294,           0.0047878,            0.073995,             0.76157,             0.94346,             0.87578,             0.57541,            0.026455,           0.0036013,            0.073985,            0.006204,            0.006204,            0.006204
                 137,            0.034357,           0.0048779,            0.073993,             0.83061,             0.90101,             0.90497,             0.57863,            0.025869,           0.0036596,            0.073997,           0.0061574,           0.0061574,           0.0061574
                 138,            0.027806,           0.0052711,            0.074106,             0.82989,             0.91519,             0.90706,             0.62384,            0.022137,           0.0036615,            0.073967,           0.0061107,           0.0061107,           0.0061107
                 139,            0.025998,           0.0056199,            0.074018,             0.76669,             0.91873,             0.87872,             0.60018,            0.022404,           0.0037017,            0.073967,            0.006064,            0.006064,            0.006064
                 140,             0.02559,           0.0046367,            0.074045,             0.79005,             0.90422,             0.87072,              0.5997,            0.021656,           0.0036801,             0.07397,           0.0060172,           0.0060172,           0.0060172
                 141,            0.028223,           0.0051267,            0.074003,             0.79219,             0.92933,              0.8796,             0.60204,            0.023276,           0.0035415,            0.073958,           0.0059704,           0.0059704,           0.0059704
                 142,            0.026099,           0.0053649,            0.073976,             0.81632,             0.87945,             0.87131,             0.60376,            0.021415,           0.0035232,            0.073948,           0.0059235,           0.0059235,           0.0059235
                 143,            0.030707,           0.0047688,            0.073995,              0.8106,              0.9074,             0.89054,             0.60353,            0.023536,            0.003513,            0.073951,           0.0058766,           0.0058766,           0.0058766
                 144,            0.030394,           0.0049798,            0.074035,             0.77676,             0.91166,             0.88307,              0.6164,             0.02137,           0.0035716,            0.073985,           0.0058296,           0.0058296,           0.0058296
                 145,            0.027136,           0.0051903,            0.074051,             0.79223,             0.89399,             0.89081,             0.58761,            0.023011,           0.0035427,            0.073967,           0.0057826,           0.0057826,           0.0057826
                 146,            0.025073,            0.004713,            0.074006,             0.78892,             0.91126,             0.89276,              0.5781,            0.023803,           0.0035325,             0.07397,           0.0057355,           0.0057355,           0.0057355
                 147,            0.028001,           0.0049277,            0.074034,             0.78549,             0.91873,             0.87087,             0.55324,            0.023486,           0.0035548,            0.073952,           0.0056884,           0.0056884,           0.0056884
                 148,            0.028525,           0.0049521,             0.07399,             0.79353,              0.9258,             0.87508,             0.60073,            0.021194,           0.0035213,            0.073938,           0.0056413,           0.0056413,           0.0056413
                 149,            0.026733,           0.0045713,            0.073981,             0.80592,             0.93907,             0.88946,             0.62092,            0.021218,           0.0034687,            0.073948,           0.0055942,           0.0055942,           0.0055942
                 150,            0.025242,           0.0046742,            0.073994,             0.82173,               0.947,             0.90399,             0.67914,            0.019505,            0.003394,            0.073947,           0.0055471,           0.0055471,           0.0055471
                 151,            0.025241,           0.0048348,            0.073977,             0.82802,             0.93567,             0.89523,             0.64693,            0.019893,           0.0033221,            0.073937,              0.0055,              0.0055,              0.0055
                 152,            0.027346,           0.0046763,             0.07398,             0.83539,             0.91458,             0.91272,             0.67125,            0.019752,           0.0032875,            0.073933,           0.0054529,           0.0054529,           0.0054529
                 153,            0.026999,            0.004709,            0.073952,             0.83489,             0.91166,             0.90625,             0.66803,            0.019939,           0.0033022,            0.073942,           0.0054058,           0.0054058,           0.0054058
                 154,            0.024932,           0.0048857,            0.073991,             0.82035,             0.93586,             0.91461,             0.67966,             0.01946,           0.0032703,            0.073937,           0.0053587,           0.0053587,           0.0053587
                 155,            0.023732,           0.0045866,            0.073977,             0.82694,             0.92864,             0.91758,             0.65624,             0.02004,           0.0032396,            0.073929,           0.0053116,           0.0053116,           0.0053116
                 156,            0.022508,           0.0043829,             0.07394,             0.86047,             0.89399,             0.92013,             0.69817,            0.018938,           0.0032032,            0.073926,           0.0052645,           0.0052645,           0.0052645
                 157,            0.023837,           0.0044268,            0.073955,             0.85244,             0.91862,             0.91943,               0.684,            0.019498,            0.003152,            0.073922,           0.0052174,           0.0052174,           0.0052174
                 158,            0.024697,           0.0044616,            0.073944,             0.85272,              0.9258,             0.92904,             0.70569,            0.018542,           0.0031291,            0.073926,           0.0051704,           0.0051704,           0.0051704
                 159,            0.023474,           0.0046169,            0.073954,             0.87197,             0.91519,             0.93606,              0.7035,            0.019142,           0.0031023,            0.073926,           0.0051234,           0.0051234,           0.0051234
                 160,            0.024426,           0.0041018,            0.073964,             0.84169,             0.93993,             0.94209,              0.7148,            0.018929,           0.0030688,            0.073935,           0.0050765,           0.0050765,           0.0050765
                 161,            0.023867,           0.0047317,            0.073981,             0.85034,               0.947,             0.94661,             0.73999,            0.017627,           0.0030291,             0.07392,           0.0050296,           0.0050296,           0.0050296
                 162,            0.023695,           0.0042865,            0.073975,             0.85755,             0.95721,             0.94685,             0.65405,            0.021057,           0.0030152,            0.073919,           0.0049828,           0.0049828,           0.0049828
                 163,            0.026315,           0.0043531,            0.073948,             0.86303,             0.95735,             0.94872,             0.69498,            0.019429,           0.0030585,            0.073933,            0.004936,            0.004936,            0.004936
                 164,            0.022152,           0.0046653,            0.073992,             0.85657,             0.95053,             0.93632,             0.73071,             0.01693,           0.0030861,            0.073924,           0.0048893,           0.0048893,           0.0048893
                 165,             0.02176,           0.0043418,            0.073948,             0.84512,              0.9576,              0.9283,             0.70867,            0.017652,           0.0030281,            0.073921,           0.0048426,           0.0048426,           0.0048426
                 166,            0.021039,           0.0043958,            0.073975,             0.83573,             0.97173,             0.93091,              0.7181,            0.017156,           0.0029931,            0.073924,            0.004796,            0.004796,            0.004796
                 167,             0.02209,           0.0043451,            0.073958,             0.87167,             0.93609,             0.93883,             0.69717,            0.017878,           0.0029572,             0.07392,           0.0047495,           0.0047495,           0.0047495
                 168,            0.020897,           0.0042538,            0.073936,             0.86824,              0.9364,             0.92981,              0.7285,            0.017291,           0.0029272,            0.073919,           0.0047031,           0.0047031,           0.0047031
                 169,            0.023766,           0.0038055,            0.073955,              0.8915,             0.92908,             0.93256,             0.65566,             0.02123,           0.0028856,            0.073919,           0.0046568,           0.0046568,           0.0046568
                 170,            0.023527,           0.0042064,            0.073946,             0.88144,               0.947,             0.93961,             0.71304,            0.017647,           0.0028993,            0.073914,           0.0046105,           0.0046105,           0.0046105
                 171,            0.025924,           0.0043302,            0.073958,             0.87668,              0.9576,              0.9397,             0.69659,            0.019382,           0.0028811,            0.073914,           0.0045644,           0.0045644,           0.0045644
                 172,            0.026078,           0.0046125,            0.073961,              0.8833,             0.93993,             0.94744,             0.74967,            0.017415,           0.0028929,            0.073913,           0.0045184,           0.0045184,           0.0045184
                 173,            0.024596,           0.0040683,            0.073964,             0.86349,             0.96112,             0.94929,             0.71772,            0.018069,           0.0029183,            0.073918,           0.0044724,           0.0044724,           0.0044724
                 174,            0.022751,           0.0043526,             0.07397,             0.89244,             0.93993,             0.94738,             0.73387,            0.016646,           0.0029257,            0.073915,           0.0044266,           0.0044266,           0.0044266
                 175,            0.024229,           0.0043532,            0.073943,             0.89457,              0.9364,             0.94297,             0.71716,            0.017704,            0.002916,            0.073916,           0.0043809,           0.0043809,           0.0043809
                 176,            0.022138,           0.0039892,            0.073966,             0.84772,             0.96466,             0.93904,             0.72146,            0.017627,           0.0029207,            0.073915,           0.0043353,           0.0043353,           0.0043353
                 177,            0.023856,           0.0039414,            0.073969,             0.87573,             0.94624,             0.95027,             0.72133,            0.017024,           0.0029084,            0.073917,           0.0042899,           0.0042899,           0.0042899
                 178,            0.022828,           0.0040315,            0.073982,             0.88868,             0.93993,             0.95288,             0.76355,             0.01608,           0.0029044,            0.073922,           0.0042445,           0.0042445,           0.0042445
                 179,             0.02079,           0.0039834,            0.073951,             0.87419,             0.95759,             0.95451,             0.75041,            0.016501,           0.0029029,            0.073921,           0.0041994,           0.0041994,           0.0041994
                 180,            0.021336,           0.0037294,            0.073931,             0.90116,             0.93993,             0.95331,             0.74911,            0.016506,           0.0028739,            0.073924,           0.0041543,           0.0041543,           0.0041543
                 181,            0.021097,           0.0042279,            0.073939,             0.90062,             0.92864,             0.95444,             0.74845,            0.016537,           0.0028501,            0.073923,           0.0041094,           0.0041094,           0.0041094
                 182,            0.019784,           0.0039954,            0.073951,             0.90623,             0.92202,             0.95652,             0.77736,            0.015399,           0.0027992,            0.073917,           0.0040647,           0.0040647,           0.0040647
                 183,            0.020009,           0.0041752,            0.073932,             0.88499,             0.95406,             0.96023,             0.75147,             0.01729,            0.002763,            0.073913,           0.0040201,           0.0040201,           0.0040201
                 184,            0.020052,           0.0040106,            0.073915,             0.91033,             0.93266,             0.95538,             0.78238,            0.014881,            0.002754,            0.073908,           0.0039757,           0.0039757,           0.0039757
                 185,            0.018776,           0.0039014,            0.073918,              0.8772,             0.96113,              0.9538,             0.76862,            0.015385,            0.002744,            0.073904,           0.0039314,           0.0039314,           0.0039314
                 186,            0.018402,           0.0038628,            0.073915,             0.90023,              0.9576,             0.95252,             0.77842,            0.015192,           0.0026966,            0.073902,           0.0038873,           0.0038873,           0.0038873
                 187,            0.019773,           0.0037358,            0.073934,             0.89473,             0.96108,             0.95596,             0.77892,            0.015336,           0.0026787,            0.073898,           0.0038434,           0.0038434,           0.0038434
                 188,            0.018434,            0.003828,            0.073919,             0.91124,             0.94322,             0.95582,             0.76714,            0.015209,           0.0026407,            0.073902,           0.0037997,           0.0037997,           0.0037997
                 189,            0.019258,           0.0038951,            0.073928,             0.87965,             0.98233,             0.96163,             0.77449,            0.015531,           0.0026142,            0.073899,           0.0037562,           0.0037562,           0.0037562
                 190,            0.020376,           0.0039767,            0.073946,             0.88755,              0.9788,             0.96343,             0.79222,            0.014755,           0.0025898,              0.0739,           0.0037128,           0.0037128,           0.0037128
                 191,            0.019607,            0.003791,            0.073921,             0.89063,             0.98233,             0.96776,             0.77785,            0.015186,           0.0025822,            0.073896,           0.0036697,           0.0036697,           0.0036697
                 192,            0.018274,           0.0036682,            0.073922,             0.90422,             0.96739,             0.97051,             0.81018,              0.0146,           0.0025767,            0.073894,           0.0036267,           0.0036267,           0.0036267
                 193,            0.019831,           0.0039205,            0.073927,             0.88768,              0.9788,             0.97097,             0.76353,            0.016543,           0.0025891,            0.073892,            0.003584,            0.003584,            0.003584
                 194,              0.0191,           0.0035734,            0.073931,             0.90996,             0.96419,             0.96778,             0.78518,            0.014754,           0.0025808,            0.073895,           0.0035415,           0.0035415,           0.0035415
                 195,            0.019717,           0.0037033,            0.073928,              0.9186,             0.95702,              0.9682,             0.78109,            0.015964,           0.0025773,            0.073895,           0.0034991,           0.0034991,           0.0034991
                 196,            0.020089,           0.0039577,            0.073912,             0.88964,             0.97527,             0.96511,             0.79033,            0.015483,           0.0025565,            0.073897,            0.003457,            0.003457,            0.003457
                 197,            0.023673,           0.0035522,            0.073922,             0.90331,             0.95732,             0.96571,             0.81651,            0.014236,           0.0025405,            0.073901,           0.0034152,           0.0034152,           0.0034152
                 198,            0.019439,           0.0036777,            0.073924,             0.90066,             0.96109,             0.96453,             0.80612,            0.014283,            0.002554,            0.073896,           0.0033735,           0.0033735,           0.0033735
                 199,            0.019026,            0.003471,            0.073909,             0.89965,             0.95033,             0.95946,             0.79653,             0.01477,           0.0025802,            0.073895,           0.0033321,           0.0033321,           0.0033321
                 200,            0.019069,           0.0034751,            0.073929,             0.91238,             0.95672,             0.95999,             0.79402,            0.014774,           0.0025512,            0.073894,           0.0032909,           0.0032909,           0.0032909
                 201,            0.018779,           0.0034968,            0.073921,             0.91807,             0.95053,             0.95676,             0.79045,             0.01389,           0.0025317,            0.073891,             0.00325,             0.00325,             0.00325
                 202,            0.018566,            0.003336,            0.073907,             0.93193,              0.9364,             0.95938,             0.79787,            0.014225,           0.0025098,            0.073891,           0.0032093,           0.0032093,           0.0032093
                 203,            0.017471,           0.0034455,            0.073905,             0.92037,              0.9394,             0.95955,             0.79219,             0.01368,           0.0025017,            0.073889,           0.0031689,           0.0031689,           0.0031689
                 204,            0.016684,           0.0036106,            0.073915,             0.92982,              0.9363,             0.96865,             0.82537,            0.013189,           0.0024644,            0.073889,           0.0031287,           0.0031287,           0.0031287
                 205,             0.01654,           0.0036133,            0.073907,             0.90426,              0.9682,             0.96843,             0.82461,            0.012818,           0.0024391,            0.073887,           0.0030888,           0.0030888,           0.0030888
                 206,             0.01642,            0.003536,            0.073903,               0.913,             0.96466,             0.96955,             0.82238,            0.012787,           0.0024169,            0.073886,           0.0030491,           0.0030491,           0.0030491
                 207,             0.01769,           0.0033641,            0.073922,              0.9195,             0.97173,             0.97035,             0.80787,            0.013298,           0.0024057,            0.073886,           0.0030097,           0.0030097,           0.0030097
                 208,            0.018173,           0.0036848,            0.073921,             0.93493,             0.96465,             0.97204,             0.82378,             0.01287,           0.0023856,             0.07389,           0.0029706,           0.0029706,           0.0029706
                 209,            0.015862,           0.0036111,            0.073911,             0.92875,              0.9682,             0.96944,             0.81234,            0.013326,           0.0023853,            0.073887,           0.0029318,           0.0029318,           0.0029318
                 210,            0.016948,           0.0036296,            0.073929,             0.91617,              0.9682,             0.96486,              0.8188,            0.012757,           0.0024153,            0.073885,           0.0028932,           0.0028932,           0.0028932
                 211,            0.017683,           0.0035639,             0.07391,             0.92507,             0.95974,             0.96445,             0.80883,             0.01323,            0.002411,            0.073886,            0.002855,            0.002855,            0.002855
                 212,            0.016914,           0.0031856,            0.073904,             0.92149,             0.95391,             0.96784,             0.83153,            0.012045,           0.0023773,            0.073884,            0.002817,            0.002817,            0.002817
                 213,            0.018314,           0.0034353,            0.073924,             0.90726,             0.96789,             0.97071,              0.8314,            0.012272,           0.0023568,            0.073885,           0.0027793,           0.0027793,           0.0027793
                 214,            0.016933,           0.0037184,            0.073917,             0.89934,             0.97873,             0.97205,             0.83155,            0.011887,           0.0023538,             0.07389,           0.0027419,           0.0027419,           0.0027419
                 215,            0.018128,           0.0032913,             0.07391,             0.89779,             0.96466,             0.96912,             0.80774,            0.013392,           0.0023474,            0.073886,           0.0027048,           0.0027048,           0.0027048
                 216,            0.019213,           0.0033884,            0.073899,              0.8864,             0.99293,             0.97267,             0.83833,            0.011981,           0.0023213,            0.073883,           0.0026681,           0.0026681,           0.0026681
                 217,            0.017025,           0.0033301,            0.073905,             0.93333,             0.94346,             0.97186,             0.83765,             0.01183,           0.0023199,            0.073884,           0.0026316,           0.0026316,           0.0026316
                 218,            0.016327,           0.0034169,              0.0739,             0.93372,             0.95053,             0.97439,             0.84844,            0.011559,           0.0022975,            0.073883,           0.0025954,           0.0025954,           0.0025954
                 219,            0.015915,            0.003513,            0.073903,             0.92734,             0.96466,             0.97415,             0.83839,            0.011872,           0.0022972,            0.073883,           0.0025596,           0.0025596,           0.0025596
                 220,            0.015098,            0.003491,            0.073923,             0.92255,             0.96809,             0.97635,             0.84768,            0.011611,           0.0022991,            0.073882,           0.0025241,           0.0025241,           0.0025241
                 221,            0.015246,           0.0032583,            0.073919,             0.92255,             0.97527,             0.97896,             0.85145,            0.011579,           0.0022757,            0.073882,           0.0024889,           0.0024889,           0.0024889
                 222,            0.014675,           0.0032857,            0.073897,             0.93814,             0.96456,             0.98082,             0.85861,            0.011471,            0.002236,            0.073883,           0.0024541,           0.0024541,           0.0024541
                 223,            0.016567,           0.0033281,            0.073909,             0.93814,             0.96452,             0.98055,             0.83205,            0.012898,           0.0022344,            0.073882,           0.0024195,           0.0024195,           0.0024195
                 224,            0.016362,            0.003091,            0.073919,             0.92378,             0.98587,             0.98155,             0.85669,            0.011571,           0.0022211,            0.073882,           0.0023854,           0.0023854,           0.0023854
                 225,            0.015752,           0.0033056,             0.07392,             0.92459,             0.99647,              0.9826,              0.8354,            0.012858,           0.0022269,            0.073881,           0.0023515,           0.0023515,           0.0023515
                 226,            0.015774,           0.0033089,            0.073908,             0.92714,             0.98929,             0.98199,             0.86414,            0.011249,           0.0022101,            0.073878,            0.002318,            0.002318,            0.002318
                 227,            0.014811,           0.0031772,            0.073902,             0.92385,              0.9894,             0.97896,             0.83689,            0.012273,           0.0022175,            0.073877,           0.0022849,           0.0022849,           0.0022849
                 228,            0.014952,           0.0032756,            0.073901,             0.92052,             0.98214,             0.97652,             0.84093,            0.012292,           0.0022072,            0.073875,           0.0022521,           0.0022521,           0.0022521
                 229,            0.017877,           0.0030741,            0.073898,             0.92949,             0.97819,              0.9795,             0.83393,             0.01375,           0.0021858,            0.073875,           0.0022196,           0.0022196,           0.0022196
                 230,            0.017453,             0.00311,            0.073898,             0.92949,             0.98233,             0.98148,             0.86492,            0.011172,            0.002166,            0.073876,           0.0021876,           0.0021876,           0.0021876
                 231,            0.014806,           0.0031378,            0.073914,             0.92382,              0.9855,              0.9808,             0.86546,            0.011252,           0.0021679,            0.073877,           0.0021558,           0.0021558,           0.0021558
                 232,            0.014877,           0.0030848,            0.073906,             0.92952,             0.97865,             0.97886,             0.86491,            0.010955,           0.0021552,            0.073874,           0.0021245,           0.0021245,           0.0021245
                 233,            0.014611,           0.0031333,            0.073894,             0.92681,              0.9894,             0.97656,             0.86214,            0.011018,           0.0021694,            0.073872,           0.0020935,           0.0020935,           0.0020935
                 234,            0.013817,           0.0029688,            0.073888,             0.91809,             0.99293,             0.97428,             0.85255,            0.010924,           0.0021901,            0.073872,           0.0020629,           0.0020629,           0.0020629
                 235,            0.015433,           0.0029124,            0.073894,             0.92429,             0.99293,              0.9738,             0.81868,            0.012135,           0.0021943,            0.073872,           0.0020327,           0.0020327,           0.0020327
                 236,            0.015137,           0.0029527,             0.07389,             0.93615,             0.98587,             0.97778,             0.86442,            0.011029,           0.0021515,            0.073871,           0.0020028,           0.0020028,           0.0020028
                 237,            0.015184,           0.0029168,            0.073898,             0.93644,              0.9892,             0.98046,             0.85235,            0.011238,             0.00214,            0.073872,           0.0019734,           0.0019734,           0.0019734
                 238,            0.015911,           0.0033464,            0.073901,             0.93066,             0.99647,             0.98399,              0.8626,            0.010867,           0.0021171,            0.073871,           0.0019443,           0.0019443,           0.0019443
                 239,            0.015451,           0.0030265,            0.073885,             0.93363,             0.99647,             0.98385,             0.87503,            0.010512,           0.0021167,            0.073871,           0.0019156,           0.0019156,           0.0019156
                 240,            0.015221,           0.0029066,              0.0739,             0.93644,             0.98918,             0.98411,             0.86569,            0.010611,           0.0021092,            0.073872,           0.0018873,           0.0018873,           0.0018873
                 241,            0.014778,           0.0030343,            0.073912,             0.93623,              0.9856,             0.98377,             0.87643,            0.010321,           0.0021032,            0.073872,           0.0018594,           0.0018594,           0.0018594
                 242,             0.01396,           0.0030339,            0.073907,             0.93934,             0.98501,             0.98331,             0.87968,            0.010614,           0.0020967,             0.07387,           0.0018319,           0.0018319,           0.0018319
                 243,            0.015267,           0.0030229,            0.073905,             0.93955,             0.98855,             0.98275,             0.86657,            0.010721,           0.0020947,             0.07387,           0.0018048,           0.0018048,           0.0018048
                 244,            0.013959,           0.0032136,            0.073883,             0.93687,             0.99639,             0.98377,             0.87985,             0.01025,            0.002086,             0.07387,           0.0017781,           0.0017781,           0.0017781
                 245,            0.013363,           0.0030264,            0.073895,                0.94,             0.99645,             0.98311,             0.87977,            0.010304,           0.0020833,             0.07387,           0.0017519,           0.0017519,           0.0017519
                 246,            0.013434,           0.0029217,            0.073894,             0.93376,             0.99625,             0.98277,              0.8838,            0.010233,           0.0020835,             0.07387,            0.001726,            0.001726,            0.001726
                 247,            0.013467,           0.0030702,            0.073894,             0.93642,              0.9894,             0.98331,              0.8796,            0.010541,           0.0020798,            0.073872,           0.0017005,           0.0017005,           0.0017005
                 248,            0.013637,           0.0029771,            0.073896,             0.93353,             0.99257,             0.98483,             0.88478,            0.010159,           0.0020522,            0.073871,           0.0016755,           0.0016755,           0.0016755
                 249,            0.013397,           0.0030197,              0.0739,             0.93348,             0.99293,             0.98637,             0.89153,           0.0099036,           0.0020335,            0.073871,           0.0016509,           0.0016509,           0.0016509
                 250,            0.013767,            0.002876,            0.073903,             0.93377,             0.99647,             0.98727,             0.88813,           0.0099918,           0.0020147,            0.073871,           0.0016267,           0.0016267,           0.0016267
                 251,            0.013179,            0.002997,            0.073893,             0.93377,             0.99643,             0.98736,             0.88657,           0.0098087,           0.0020076,             0.07387,           0.0016029,           0.0016029,           0.0016029
                 252,            0.012667,           0.0029629,            0.073895,             0.93978,             0.99266,             0.98787,             0.89096,           0.0097621,           0.0019954,            0.073869,           0.0015795,           0.0015795,           0.0015795
                 253,            0.013152,           0.0028706,            0.073893,              0.9456,             0.98587,             0.98825,             0.89305,            0.009767,           0.0019885,            0.073869,           0.0015566,           0.0015566,           0.0015566
                 254,            0.013071,           0.0027644,            0.073903,             0.94268,              0.9894,             0.98823,             0.89662,           0.0096147,           0.0019766,            0.073867,           0.0015341,           0.0015341,           0.0015341
                 255,            0.013152,           0.0028661,            0.073908,             0.93677,             0.99647,             0.98781,             0.89708,           0.0095086,           0.0019719,            0.073867,           0.0015121,           0.0015121,           0.0015121
                 256,            0.012666,           0.0028915,            0.073893,             0.93354,             0.99277,             0.98726,             0.89591,           0.0095448,           0.0019738,            0.073867,           0.0014905,           0.0014905,           0.0014905
                 257,             0.01239,           0.0030896,             0.07389,             0.93332,             0.98919,               0.987,             0.90224,             0.00943,           0.0019731,            0.073868,           0.0014693,           0.0014693,           0.0014693
                 258,            0.012637,           0.0028267,            0.073889,             0.93068,              0.9962,             0.98659,             0.89398,           0.0096835,           0.0019688,            0.073867,           0.0014486,           0.0014486,           0.0014486
                 259,            0.012577,           0.0027322,            0.073889,             0.93045,             0.99276,             0.98698,             0.89255,           0.0096316,           0.0019603,            0.073867,           0.0014283,           0.0014283,           0.0014283
                 260,            0.012726,           0.0027253,            0.073888,              0.9332,             0.99293,             0.98736,             0.89514,           0.0095598,           0.0019508,            0.073867,           0.0014084,           0.0014084,           0.0014084
                 261,            0.012943,           0.0028147,            0.073899,             0.93666,             0.99289,              0.9881,             0.89529,           0.0096489,           0.0019327,            0.073867,            0.001389,            0.001389,            0.001389
                 262,            0.012929,           0.0028756,            0.073888,             0.94289,             0.99293,             0.98845,             0.90526,           0.0092898,           0.0019166,            0.073867,           0.0013701,           0.0013701,           0.0013701
                 263,            0.013469,           0.0027797,            0.073898,             0.95222,             0.98586,             0.98862,             0.89588,            0.009613,           0.0019108,            0.073867,           0.0013516,           0.0013516,           0.0013516
                 264,            0.013299,           0.0028858,            0.073903,             0.94295,             0.99292,             0.98844,             0.89974,           0.0094973,           0.0019077,            0.073869,           0.0013336,           0.0013336,           0.0013336
                 265,            0.012404,           0.0026269,            0.073892,             0.94564,              0.9894,             0.98855,             0.90426,           0.0092109,            0.001906,             0.07387,            0.001316,            0.001316,            0.001316
                 266,            0.013199,           0.0028357,            0.073893,             0.94246,              0.9894,              0.9884,             0.90894,           0.0092342,           0.0019159,             0.07387,           0.0012989,           0.0012989,           0.0012989
                 267,            0.013137,           0.0026652,            0.073904,             0.93958,             0.99293,             0.98882,             0.89457,           0.0094762,           0.0019133,            0.073869,           0.0012822,           0.0012822,           0.0012822
                 268,            0.012716,           0.0028417,            0.073894,             0.93376,             0.99647,             0.98851,             0.89983,           0.0094734,           0.0018982,            0.073868,            0.001266,            0.001266,            0.001266
                 269,            0.012902,           0.0027746,            0.073886,             0.93687,             0.99647,             0.98833,              0.8975,           0.0092831,           0.0018952,            0.073867,           0.0012503,           0.0012503,           0.0012503
                 270,            0.012814,           0.0028907,            0.073884,             0.93975,             0.99647,             0.98829,             0.89678,           0.0093928,           0.0018915,            0.073866,            0.001235,            0.001235,            0.001235
                 271,            0.012539,           0.0027579,            0.073886,             0.93685,             0.99647,             0.98794,             0.89421,            0.009198,           0.0018868,            0.073865,           0.0012202,           0.0012202,           0.0012202
                 272,            0.012197,           0.0027609,            0.073887,             0.94314,             0.99638,             0.98828,             0.90096,            0.008956,           0.0018691,            0.073865,           0.0012059,           0.0012059,           0.0012059
                 273,            0.011783,           0.0025919,            0.073888,             0.94308,             0.99647,             0.98824,             0.90557,           0.0088455,           0.0018529,            0.073864,           0.0011921,           0.0011921,           0.0011921
                 274,            0.012083,           0.0025917,            0.073897,             0.94947,             0.99585,             0.98831,             0.90539,           0.0087915,           0.0018389,            0.073864,           0.0011787,           0.0011787,           0.0011787
                 275,            0.011935,           0.0027541,            0.073885,             0.94947,             0.99647,             0.98862,             0.90323,           0.0090425,           0.0018423,            0.073864,           0.0011658,           0.0011658,           0.0011658
                 276,            0.012313,           0.0030206,            0.073885,             0.94949,             0.99635,             0.98867,             0.90209,           0.0089848,           0.0018433,            0.073864,           0.0011533,           0.0011533,           0.0011533
                 277,            0.011462,           0.0027572,            0.073886,             0.94949,             0.99641,             0.98838,             0.90254,           0.0087035,           0.0018438,            0.073865,           0.0011414,           0.0011414,           0.0011414
                 278,            0.011288,           0.0027966,            0.073883,             0.94925,             0.99293,             0.98809,             0.90667,           0.0087646,           0.0018457,            0.073865,           0.0011299,           0.0011299,           0.0011299
                 279,            0.011268,           0.0026749,            0.073889,             0.94931,             0.99267,             0.98792,             0.90333,           0.0088256,           0.0018408,            0.073865,           0.0011189,           0.0011189,           0.0011189
                 280,            0.012577,            0.002687,            0.073901,             0.94606,             0.99293,             0.98809,             0.90645,           0.0089603,            0.001831,            0.073865,           0.0011084,           0.0011084,           0.0011084
                 281,            0.012173,           0.0025216,            0.073904,             0.94595,             0.99293,             0.98846,             0.91175,           0.0089345,           0.0018234,            0.073865,           0.0010983,           0.0010983,           0.0010983
                 282,            0.011863,           0.0026073,            0.073884,             0.94314,             0.99633,             0.98884,             0.91042,           0.0088348,           0.0018136,            0.073866,           0.0010888,           0.0010888,           0.0010888
                 283,            0.011473,           0.0025557,            0.073893,             0.94304,             0.99647,             0.98882,              0.9082,           0.0088055,           0.0018053,            0.073866,           0.0010797,           0.0010797,           0.0010797
                 284,            0.011872,           0.0027189,            0.073891,             0.95848,             0.98233,             0.98933,             0.90954,           0.0086877,           0.0017976,            0.073867,           0.0010711,           0.0010711,           0.0010711
                 285,            0.011887,           0.0025704,            0.073895,             0.95874,             0.98532,             0.98959,             0.90982,           0.0087639,           0.0017934,            0.073866,            0.001063,            0.001063,            0.001063
                 286,            0.012393,           0.0025819,            0.073906,             0.95562,              0.9891,             0.99015,             0.90803,           0.0086583,           0.0017817,            0.073866,           0.0010554,           0.0010554,           0.0010554
                 287,            0.011925,           0.0027235,            0.073899,              0.9551,              0.9894,             0.99047,              0.9113,           0.0088483,           0.0017762,            0.073865,           0.0010483,           0.0010483,           0.0010483
                 288,            0.011482,           0.0025607,            0.073892,              0.9619,             0.98233,             0.99077,             0.90695,           0.0088154,           0.0017759,            0.073865,           0.0010416,           0.0010416,           0.0010416
                 289,            0.012187,           0.0027533,            0.073897,             0.95538,             0.98587,             0.99065,             0.90753,           0.0087424,            0.001774,            0.073864,           0.0010355,           0.0010355,           0.0010355
                 290,            0.011678,           0.0026153,            0.073891,              0.9521,              0.9894,             0.99042,             0.90667,           0.0088259,           0.0017708,            0.073864,           0.0010298,           0.0010298,           0.0010298
                 291,            0.012057,            0.002541,            0.073888,             0.95414,             0.98587,             0.99021,             0.91393,           0.0085475,           0.0017721,            0.073863,           0.0010247,           0.0010247,           0.0010247
                 292,            0.011536,           0.0024841,            0.073887,             0.94915,             0.98937,             0.98951,             0.90946,           0.0086434,            0.001782,            0.073863,             0.00102,             0.00102,             0.00102
                 293,            0.011566,           0.0024972,            0.073884,             0.93997,             0.99647,             0.98939,             0.91241,           0.0085846,           0.0017855,            0.073862,           0.0010158,           0.0010158,           0.0010158
                 294,             0.01153,            0.002637,            0.073882,             0.96145,             0.97527,             0.98953,             0.91365,           0.0086129,            0.001783,            0.073861,           0.0010121,           0.0010121,           0.0010121
                 295,            0.012255,           0.0025722,            0.073883,             0.94312,             0.99647,             0.98966,             0.91022,            0.009133,           0.0017816,            0.073861,           0.0010089,           0.0010089,           0.0010089
                 296,            0.012455,           0.0025734,            0.073886,             0.95844,             0.98587,              0.9902,             0.92017,           0.0084149,           0.0017653,            0.073861,           0.0010062,           0.0010062,           0.0010062
                 297,            0.010962,           0.0026477,            0.073877,             0.95878,              0.9894,             0.99033,             0.91952,           0.0084268,           0.0017571,            0.073861,           0.0010039,           0.0010039,           0.0010039
                 298,            0.011913,           0.0025569,            0.073896,             0.95254,             0.99282,             0.99036,             0.92038,           0.0083992,           0.0017445,            0.073862,           0.0010022,           0.0010022,           0.0010022
                 299,            0.011429,           0.0025212,             0.07389,             0.95254,              0.9929,             0.99009,             0.91434,           0.0084314,           0.0017435,            0.073861,            0.001001,            0.001001,            0.001001
